ISIN;FONDO;DIVISA;CLASE DE ACTIVO;ESG;RENT. YTD;VOL 3A;FICHA
LU0094557526;MFS European Research;Euro;Europe Equity Large Cap;Article 8;8,67%;15,06%;https://api.fundinfo.com/document/e3890eb0dff8816b3803db4caec17c2d_158852/MR_ES_es_LU0094557526_YES_2023-04-30.pdf?apiKey=2077cd04-8cd9-4f30-8c0b-b5cebc11240f
BE0940002729;DPAM Equities Europe Sustainable;Euro;Europe Equity Large Cap;Article 8;10,86%;15,67%;https://api.fundinfo.com/document/2e04ea27edb2a8fc227ffaf600289571_356930/MR_ES_es_BE0940002729_YES_2023-04-30.pdf?apiKey=2077cd04-8cd9-4f30-8c0b-b5cebc11240f
LU0224105477;BlackRock  Continental European Flexible;Euro;Europe Equity Large Cap;Article 8;15,70%;20,15%;https://api.fundinfo.com/document/6545bc75adf5ef9dfa3f6b38b05dbc81_288738/MR_ES_es_LU0224105477_YES_2023-04-30.pdf?apiKey=2077cd04-8cd9-4f30-8c0b-b5cebc11240
LU0260085492;Jupiter European Growth;Euro;Europe Equity Large Cap;Article 8;13,66%;17,64%;https://api.fundinfo.com/document/eb152e4c20ef85e838506f51f2fcf57d_144542/MR_ES_es_LU0260085492_YES_2023-04-30.pdf?apiKey=2077cd04-8cd9-4f30-8c0b-b5cebc11240f
IE00B4ZJ4188  ;Comgest Europe Growth;Euro;Europe Equity Large Cap;Article 8;7,61%;16,84%;https://api.fundinfo.com/document/e5e301e1733e885e9ff291ccb14731d0_367858/MR_ES_en_IE00B4ZJ4188_YES_2023-04-30.pdf?apiKey=2077cd04-8cd9-4f30-8c0b-b5cebc11240f
LU1670707527;M&G European Strategic Value;Euro;Europe Equity Large Cap;Article 8;9,94%;19,10%;https://api.fundinfo.com/document/581590a0b2868f425f08335ea02c41a5_148220/MR_ES_es_LU1670707527_YES_2023-04-30.pdf?apiKey=2077cd04-8cd9-4f30-8c0b-b5cebc11240f
LU0028118809;Invesco Pan European Equity;Euro;Europe Equity Large Cap;Article 8;6,19%;20,41%;https://api.fundinfo.com/document/c9876bc44f40ddcb70d558a4063a6ff1_1245016/MR_ES_es_LU0028118809_YES_2023-04-30.pdf?apiKey=2077cd04-8cd9-4f30-8c0b-b5cebc11240f
LU0210531983;JPMorgan Europe Strategic Value;Euro;Europe Equity Large Cap;Article 8;14,41%;21,13%;https://api.fundinfo.com/document/ee2be8a826a38d40c24cc569dd381847_425912/MR_ES_es_LU0210531983_YES_2023-04-30.pdf?apiKey=2077cd04-8cd9-4f30-8c0b-b5cebc11240f
LU0093502762;BlackRock Euro-Markets Fund;Euro;Europe Equity Large Cap;Article 8;11,95%;19,53%;https://api.fundinfo.com/document/8e13b6da06c45a307ef30f7aa4d201fb_276995/MR_ES_es_LU0093502762_YES_2023-04-30.pdf?apiKey=2077cd04-8cd9-4f30-8c0b-b5cebc11240f
LU0011889846;Janus Henderson Euroland;Euro;Europe Equity Large Cap;Article 8;14,79%;17,53%;https://api.fundinfo.com/document/6d074ab4dc2e1f7929fded23820cfd73_540842/MR_ES_es_LU0011889846_YES_2023-04-30.pdf?apiKey=2077cd04-8cd9-4f30-8c0b-b5cebc11240f
LU0093666013;Franklin Templeton Euroland;Euro;Europe Equity Large Cap;Not Stated;11,83%;-;https://api.fundinfo.com/document/4eb56a52029bb2a364f8ef4c2d88ded1_224067/MR_ES_es_LU0093666013_YES_2023-04-30.pdf?apiKey=2077cd04-8cd9-4f30-8c0b-b5cebc11240f
LU2240056015;Lonvia Avenir Mid Cap Europe;Euro;Europe Equity Mid/Small Cap;Article 8;8,12%;-;https://api.fundinfo.com/document/776d4a336d80094890f9e1354700ca73_438277/MR_ES_es_LU2240056015_YES_2023-04-30.pdf?apiKey=2077cd04-8cd9-4f30-8c0b-b5cebc11240f
LU2240056445;Lonvia Avenir Mid Cap Euro;Euro;Europe Equity Mid/Small Cap;Article 9;6,82%;19,20%;https://api.fundinfo.com/document/c5fde828a4a6bfb9141dd39ee4c119b0_438096/MR_ES_es_LU2240056445_YES_2023-04-30.pdf?apiKey=2077cd04-8cd9-4f30-8c0b-b5cebc11240f
LU0261951528;Fidelity European Smaller Companies;Euro;Europe Equity Mid/Small Cap;Not Stated;7,56%;19,09%;https://api.fundinfo.com/document/2f036fe390cf879c78bc8b3efdcbcb79_450161/MR_ES_es_LU0261951528_RES_2023-04-30.pdf?apiKey=2077cd04-8cd9-4f30-8c0b-b5cebc11240f
LU0131510165;Independance et Expansion - France Small;Euro;Europe Equity Mid/Small Cap;Article 8;7,65%;12,75%;https://lt.morningstar.com/xgnfa0k0aw/snapshotpdf/default.aspx?LanguageId=es-ES&Id=F0GBR06C2S&ClientFund=1&SecurityToken=F0GBR06C2S]2]1]FOEUR$$ALL_522&CurrencyId=EUR&BaseCurrencyId=EUR
LU0935229400;Seeyond Europe MinVol;Euro;Europe Equity Large Cap;Article 8;7,67%;14,44%;https://api.fundinfo.com/document/42da0005e0596fc9e3936a1b1fe34c23_609312/MR_ES_es_LU0935229400_YES_2023-04-30.pdf?apiKey=2077cd04-8cd9-4f30-8c0b-b5cebc11240f
LU0353647737;Fidelity - European Dividend Fund;Euro;Europe Equity Large Cap;Article 8;11,98%;20,57%;https://api.fundinfo.com/document/8cedf68876d2ff5afcbb5246272f627b_470537/MR_ES_es_LU0353647737_RES_2023-04-30.pdf?apiKey=2077cd04-8cd9-4f30-8c0b-b5cebc11240f
LU0563745743;Fidentiis Tordesillas Iberia;Euro;Europe Equity Mid/Small Cap;Not Stated;14,16%;16,34%;https://api.fundinfo.com/document/d7185f2a86f9c70f1481c62c59c475f1_484594/MR_ES_es_LU0563745743_YES_2023-03-31.pdf?apiKey=2077cd04-8cd9-4f30-8c0b-b5cebc11240f
LU0261948904;Fidelity Iberia;Euro;Europe Equity Large Cap;Article 8;1,07%;13,95%;https://api.fundinfo.com/document/d2f4b8c41330f361e0e402e97f6766fd_456452/MR_ES_es_LU0261948904_RES_2023-04-30.pdf?apiKey=2077cd04-8cd9-4f30-8c0b-b5cebc11240f
IE00B76P4R28;Liontrust Special Situations Fund;Pound Sterling;UK Equity Large Cap;Not Stated;9,99%;18,67%;https://lt.morningstar.com/xgnfa0k0aw/snapshotpdf/default.aspx?LanguageId=es-ES&Id=F00000P2FT&ClientFund=1&SecurityToken=F00000P2FT]2]1]FOEUR$$ALL_522&CurrencyId=EUR&BaseCurrencyId=GBP
LU0261948227;Fidelity Germany;Euro;Europe Equity Large Cap;Not Stated;1,23%;16,35%;https://api.fundinfo.com/document/e807e87c2631cfb2f892b358bb997c0e_459138/MR_ES_es_LU0261948227_YES_2023-04-30.pdf?apiKey=2077cd04-8cd9-4f30-8c0b-b5cebc11240f
LU0083425479;DNB Nordic Equities;Euro;Europe Equity Large Cap;Article 8;15,91%;17,81%;https://api.fundinfo.com/document/811ef6651f17029a8b9d65e4502e81f2_302800/MR_ES_es_LU0083425479_YES_2020-01-31.pdf?apiKey=2077cd04-8cd9-4f30-8c0b-b5cebc11240f
LU0117861202;JPMorgan America Equity;US Dollar;US Equity Large Cap Blend;Article 8;9,52%;15,37%;https://api.fundinfo.com/document/60e0ea1a6f270d582192f3a1c6c8e5cb_390672/MR_ES_es_LU0117861202_YES_2023-04-30.pdf?apiKey=2077cd04-8cd9-4f30-8c0b-b5cebc11240f
LU0106261372;Schroder ISF US Large Cap;US Dollar;US Equity Large Cap Blend;Not Stated;-0,88%;16,63%;https://api.fundinfo.com/document/5b57756bafc2095742a57cd87f5aaf2a_295740/MR_ES_es_LU0106261372_YES_2023-04-30.pdf?apiKey=2077cd04-8cd9-4f30-8c0b-b5cebc11240f
LU0251131958;Fidelity America;US Dollar;US Equity Large Cap Value;Article 8;32,80%;30,99%;https://api.fundinfo.com/document/8eb088764b822823fd5ef0d18bd2d9e8_441661/MR_ES_es_LU0251131958_YES_2023-04-30.pdf?apiKey=2077cd04-8cd9-4f30-8c0b-b5cebc11240f
LU0225737302;Morgan Stanley US Advantage;US Dollar;US Equity Large Cap Growth;Article 8;11,05%;17,01%;https://api.fundinfo.com/document/123a6fd0961797fdafc8d44f5d57d009_177363/MR_ES_es_LU0225737302_YES_2023-04-30.pdf?apiKey=2077cd04-8cd9-4f30-8c0b-b5cebc11240f
LU0035765741;Vontobel US Equity;US Dollar;US Equity Large Cap Growth;Article 8;6,04%;16,67%;https://api.fundinfo.com/document/c87d2efdcab5dce02b2ec1d1e91686e4_107660/MR_ES_es_LU0035765741_YES_2023-04-28.pdf?apiKey=2077cd04-8cd9-4f30-8c0b-b5cebc11240f
LU1670627097;M&G North American Value;US Dollar;US Equity Large Cap Value;Article 8;1,80%;19,10%;https://api.fundinfo.com/document/6f390b659bf0db00842c237af7c02af3_136513/MR_ES_es_LU1670627097_YES_2023-04-30.pdf?apiKey=2077cd04-8cd9-4f30-8c0b-b5cebc11240f
LU0674140396;Robeco US Select Opportunities;US Dollar;US Equity Mid Cap;Article 8;9,12%;17,74%;https://api.fundinfo.com/document/192633cdd147fa14c7e1a03f91054bc3_263888/MR_ES_es_LU0674140396_RES_2023-04-30.pdf?apiKey=2077cd04-8cd9-4f30-8c0b-b5cebc11240f
LU0133096635;T Rowe Price US Smaller Companies;US Dollar;US Equity Small Cap;Article 8;16,86%;15,63%;https://api.fundinfo.com/document/36a2b94a97692a354aab69e84eeb875b_161174/MR_ES_es_LU0133096635_YES_2023-04-30.pdf?apiKey=2077cd04-8cd9-4f30-8c0b-b5cebc11240f
LU0887931292;BL - Equities Japan;Euro;Japan Equity;Article 8;10,29%;18,33%;https://api.fundinfo.com/document/9ca2747f665c782bd3f19a6e3bd50cb6_708247/MR_ES_en_LU0887931292_RES_2023-04-28.pdf?apiKey=2077cd04-8cd9-4f30-8c0b-b5cebc11240f
IE00BFMM8V50;Blackrock Global Equity Selection;Euro;Global Equity Large Cap;Not Stated;11,05%;17,69%;https://api.fundinfo.com/document/58ce0dee64d95f978cabc83bac7c55f7_109095/KID_ES_es_IE00BFMM8V50_YES_2020-07-24.pdf?apiKey=2077cd04-8cd9-4f30-8c0b-b5cebc11240f
LU1261432659;Fidelity Funds - World Fund;Euro;Global Equity Large Cap;Article 8;6,89%;-;https://api.fundinfo.com/document/9b913c81e40a7e38365372abb9ee37f6_428881/MR_ES_es_LU1261432659_YES_2023-04-30.pdf?apiKey=2077cd04-8cd9-4f30-8c0b-b5cebc11240f
LU2295319300;MS Global Brands;Euro;Global Equity Large Cap;Article 8;2,84%;18,90%;https://lt.morningstar.com/xgnfa0k0aw/snapshotpdf/default.aspx?LanguageId=es-ES&Id=F000016ENJ&ClientFund=1&SecurityToken=F000016ENJ]2]1]FOEUR$$ALL_522&CurrencyId=EUR&BaseCurrencyId=EUR
LU0203975437;Robeco BP Global Premium Equities;Euro;Global Equity Large Cap;Article 8;3,34%;16,48%;https://api.fundinfo.com/document/0a4072a2156a665311fd018bbb7952c0_264600/MR_ES_es_LU0203975437_RES_2023-04-30.pdf?apiKey=2077cd04-8cd9-4f30-8c0b-b5cebc11240f
LU1493953001;T.Rowe Global Value Equity;Euro;Global Equity Large Cap;Article 8;5,35%;15,10%;https://api.fundinfo.com/document/8f0df635938a869b7b4d352fb0376879_188034/MR_ES_es_LU1493953001_YES_2023-04-30.pdf?apiKey=2077cd04-8cd9-4f30-8c0b-b5cebc11240f
LU0112467450 ;Nordea Global Stable Equity;Euro;Global Equity Large Cap;Article 8;19,20%;22,59%;https://api.fundinfo.com/document/8f0df635938a869b7b4d352fb0376879_188034/MR_ES_es_LU1493953001_YES_2023-04-30.pdf?apiKey=2077cd04-8cd9-4f30-8c0b-b5cebc11240f
IE00B2NXKW18;Seilern Stryx World Growth;Euro;Global Equity Large Cap;Article 8;8,83%;16,32%;https://api.fundinfo.com/document/b4646f6a5af5045de6cdbba64a99085e_416381/MR_ES_es_IE00B2NXKW18_YES_2022-11-30.pdf?apiKey=2077cd04-8cd9-4f30-8c0b-b5cebc11240f
LU0690374615;Fundsmith Equity Fund Sicav;Euro;Global Equity Large Cap;Article 8;14,36%;23,03%;https://lt.morningstar.com/xgnfa0k0aw/snapshotpdf/default.aspx?LanguageId=es-ES&Id=F00000O9HI&ClientFund=1&SecurityToken=F00000O9HI]2]1]FOEUR$$ALL_522&CurrencyId=EUR&BaseCurrencyId=EUR
IE00B57PQG06;GAM Star Disruptive Growth Fund;Euro;Global Equity Large Cap;Article 8;20,28%;21,95%;https://api.fundinfo.com/document/0eceeec60df892c9db55de11c56fe030_242437/MR_ES_es_IE00B57PQG06_YES_2023-04-30.pdf?apiKey=2077cd04-8cd9-4f30-8c0b-b5cebc11240f
BE0946564383;DPAM Equities New Gems Sustainable;Euro;Global Equity Large Cap;Article 8;14,07%;-;https://api.fundinfo.com/document/282b51a4e50ca0931b622398cafc6fa5_358078/MR_ES_es_BE0946564383_YES_2023-04-30.pdf?apiKey=2077cd04-8cd9-4f30-8c0b-b5cebc11240f
LU2357235493;Nartex Equity Fund;Euro;Global Equity Large Cap;Not Stated;13,16%;21,60%;https://lt.morningstar.com/xgnfa0k0aw/snapshotpdf/default.aspx?LanguageId=es-ES&Id=F00001D615&ClientFund=1&SecurityToken=F00001D615]2]1]FOEUR$$ALL_522&CurrencyId=EUR&BaseCurrencyId=EUR
LU0570870567;Threadneedle Global Smaller Companies;Euro;Global Equity Mid/Small Cap;Article 8;12,53%;16,48%;https://api.fundinfo.com/document/5c2b08433888046034ce03272410636c_505320/MR_ES_es_LU0757428866_RES_2023-04-30.pdf?apiKey=2077cd04-8cd9-4f30-8c0b-b5cebc11240f
LU1295551144;Capital Group New Perspective;Euro;Global Equity Large Cap;Not Stated;12,41%;18,84%;https://api.fundinfo.com/document/602caf2ebb913189cf00bed5e490d9dc_238034/MR_ES_es_LU1295551144_YES_2023-04-30.pdf?apiKey=2077cd04-8cd9-4f30-8c0b-b5cebc11240f
LU1984711512;Janus Henderson Global Sustainable Equity;Euro;Global Equity Large Cap;Article 9;7,33%;14,98%;https://api.fundinfo.com/document/ec2ffe647036de412b3a76fc2a50159e_577513/MR_ES_es_LU1984711512_YES_2023-04-30.pdf?apiKey=2077cd04-8cd9-4f30-8c0b-b5cebc11240f
LU0309191657;BL - Equities Dividend;Euro;Global Equity Large Cap;Article 8;-0,21%;14,28%;https://api.fundinfo.com/document/f710431f39221c6a3dfe628c500caba1_300507/MR_ES_en_LU0309191657_RES_2023-04-28.pdf?apiKey=2077cd04-8cd9-4f30-8c0b-b5cebc11240f
DE000DWS1U90;DWS Top Dividende;Euro;Global Equity Large Cap;Article 8;1,46%;19,86%;https://api.fundinfo.com/document/7a9af14aa9c13ef978529c8e5817c747_317634/MR_ES_es_DE000DWS1U90_YES_2023-04-28.pdf?apiKey=2077cd04-8cd9-4f30-8c0b-b5cebc11240f
LU0261946445;Fidelity Asia Focus;Euro;Asia ex-Japan Equity;Article 8;5,10%;20,96%;https://api.fundinfo.com/document/ec6ebca0be58d8f0fd06d5d406a3aff1_458086/MR_ES_es_LU0261946445_RES_2023-04-30.pdf?apiKey=2077cd04-8cd9-4f30-8c0b-b5cebc11240f
LU0345361124;Fidelity Asia Pacific Opportunities;Euro;Asia ex-Japan Equity;Not Stated;3,64%;19,20%;https://api.fundinfo.com/document/34eca2677fbb4c001c826a6f92676f23_446596/MR_ES_es_LU0345361124_YES_2023-04-30.pdf?apiKey=2077cd04-8cd9-4f30-8c0b-b5cebc11240f
LU0217390656;JPMorgan - Pacific Equity Fund;Euro;Asia Equity;Article 8;-10,91%;28,07%;https://api.fundinfo.com/document/477c201be78c4e1dd3aec6d6d2239c14_419317/MR_ES_es_LU0217390656_YES_2023-04-30.pdf?apiKey=2077cd04-8cd9-4f30-8c0b-b5cebc11240f
LU0187077309;Robeco Chinese Equities;Euro;Greater China Equity;Article 8;-7,61%;28,67%;https://api.fundinfo.com/document/d7aab5700e52ff99db318deb7451f09b_251867/MR_ES_es_LU0187077309_RES_2023-04-30.pdf?apiKey=2077cd04-8cd9-4f30-8c0b-b5cebc11240f
LU0717749021;Invesco China Focus Equity;Euro;Greater China Equity;Article 8;20,28%;26,70%;https://api.fundinfo.com/document/033c940398818597cc25029a38f28b69_1044319/MR_ES_es_LU0717749021_YES_2023-04-30.pdf?apiKey=2077cd04-8cd9-4f30-8c0b-b5cebc11240f
LU0106817157;Schroder ISF Emerging Europe;Euro;Europe Emerging Markets Equity;Not Stated;2,39%;14,90%;https://api.fundinfo.com/document/71963d5cddee983d4a0c60830b1e108f_276366/MR_ES_es_LU0106817157_YES_2023-04-30.pdf?apiKey=2077cd04-8cd9-4f30-8c0b-b5cebc11240f
LU1079763535;T Rowe Price Frontier Markets Equity;US Dollar;Global Emerging Markets Equity;Not Stated;1,96%;20,46%;https://api.fundinfo.com/document/07bf51ffcadb8972d64bf954b7dabae0_184549/MR_ES_es_LU1079763535_YES_2023-04-30.pdf?apiKey=2077cd04-8cd9-4f30-8c0b-b5cebc11240f
LU0217576833;JPMorgan Emerging Markets Equity;Euro;Global Emerging Markets Equity;Article 8;4,68%;20,65%;https://api.fundinfo.com/document/aed498c208bc5203373ba72a6163ecd5_422035/MR_ES_es_LU0217576833_YES_2023-04-30.pdf?apiKey=2077cd04-8cd9-4f30-8c0b-b5cebc11240f
LU1048684796;Fidelity Emerging Markets;Euro;Global Emerging Markets Equity;Article 8;7,93%;11,67%;https://api.fundinfo.com/document/9cc2f713598712b07727845c26868510_440116/MR_ES_es_LU1048684796_YES_2023-04-30.pdf?apiKey=2077cd04-8cd9-4f30-8c0b-b5cebc11240f
LU0582533245;Robeco QI Emerging Conservative Equities;Euro;Global Emerging Markets Equity;Article 8;5,27%;16,11%;https://api.fundinfo.com/document/609311e85ef786214767b9e4dcf6be90_382059/MR_ES_es_LU0582533245_RES_2023-04-30.pdf?apiKey=2077cd04-8cd9-4f30-8c0b-b5cebc11240f
LU0255979071;Pictet Indian Equities;Euro;India Equity;Not Stated;19,52%;25,13%;https://api.fundinfo.com/document/fccd11d8352b6b0ae9361f4f1415af9c_147547/MR_ES_es_LU0255979071_YES_2023-04-28.pdf?apiKey=2077cd04-8cd9-4f30-8c0b-b5cebc11240f
LU0171289498;BlackRock Latin America;Euro;Latin America Equity;Not Stated;3,14%;23,79%;https://api.fundinfo.com/document/491ca45314c34342c2e391b932d72a27_270947/MR_ES_es_LU0171289498_YES_2023-04-30.pdf?apiKey=2077cd04-8cd9-4f30-8c0b-b5cebc11240f
LU0580275534;Bellevue Adamant Medtech & Services;Euro;Healthcare Sector Equity;Article 8;0,32%;14,84%;https://api.fundinfo.com/document/55218698122e855f5d6a8dd2c5780747_735110/MR_ES_en_LU0580275534_YES_2023-04-30.pdf?apiKey=2077cd04-8cd9-4f30-8c0b-b5cebc11240f
LU0261952419;Fidelity Global Healthcare;Euro;Healthcare Sector Equity;Article 8;-1,59%;-;https://api.fundinfo.com/document/3c9e5ba04671658eeaffda0cbfbb0e48_476482/MR_ES_es_LU0261952419_RES_2023-04-30.pdf?apiKey=2077cd04-8cd9-4f30-8c0b-b5cebc11240f
LU0171307068;BlackRock World Healthscience;Euro;Healthcare Sector Equity;Article 8;2,27%;20,88%;https://api.fundinfo.com/document/d056bda4cd206a5b180fb77c4774f8d1_253472/MR_ES_es_LU0171307068_YES_2023-04-30.pdf?apiKey=2077cd04-8cd9-4f30-8c0b-b5cebc11240f
LU0248320664;Pictet Health;Euro;Healthcare Sector Equity;Article 9;3,59%;15,81%;https://api.fundinfo.com/document/a8bd579c206856b9490a662a4db63542_288330/MR_ES_es_LU0248320664_YES_2023-04-28.pdf?apiKey=2077cd04-8cd9-4f30-8c0b-b5cebc11240f
IE00B3VXGD32;Polar Capital Biotechnology;Euro;Healthcare Sector Equity;Article 8;8,16%;17,96%;https://www.inversis.com/fondos/contenidos/ficha/IE00B3VXGD32_ficha_en.pdf
LU1951229035;Natixis - Thematics Water Fund;Euro;Equity Miscellaneous;Article 9;18,08%;22,17%;https://api.fundinfo.com/document/7fda42a4bf8428b3045e0bb7fea94819_610764/MR_ES_es_LU1951229035_YES_2023-04-28.pdf?apiKey=2077cd04-8cd9-4f30-8c0b-b5cebc11240f
LU1165135440  ;BNP Aqua;Euro;Equity Miscellaneous;Article 9;0,31%;15,89%;https://api.fundinfo.com/document/3cec1c8de2d7f10e84d5c14f17abb2d4_212776/MR_ES_es_LU1165135440_YES_2023-04-28.pdf?apiKey=2077cd04-8cd9-4f30-8c0b-b5cebc11240f
LU0187079347;Robeco Global Consumer Trends;Euro;Global Equity Large Cap;Article 8;3,16%;16,90%;https://api.fundinfo.com/document/f0917f2b6f494c4c0d19c5b4b16ce0c2_277962/MR_ES_es_LU0187079347_YES_2023-04-30.pdf?apiKey=2077cd04-8cd9-4f30-8c0b-b5cebc11240f
LU1947902018;Nordea Global Listed Infrastructure Fund;Euro;Infrastructure Sector Equity;Article 8;8,18%;19,81%;https://api.fundinfo.com/document/6228accf677751a46363c27957a20491_607678/MR_ES_es_LU1947902018_YES_2023-04-28.pdf?apiKey=2077cd04-8cd9-4f30-8c0b-b5cebc11240f
LU1665237704  ;M&G Global Listed Infrastructure;Euro;Infrastructure Sector Equity;Article 8;3,98%;21,52%;https://api.fundinfo.com/document/e6d45883014e8967691ccd3301d88f10_1761770/MR_ES_es_LU1665237704_YES_2023-04-30.pdf?apiKey=2077cd04-8cd9-4f30-8c0b-b5cebc11240f
LU0114722902;Fidelity Global Industrials;Euro;Industrials Sector Equity;Not Stated;6,07%;20,30%;https://api.fundinfo.com/document/6a56d841cc4bb76453a3abc0a068dd8f_453974/MR_ES_es_LU0114722902_RES_2023-04-30.pdf?apiKey=2077cd04-8cd9-4f30-8c0b-b5cebc11240f
LU0340559557;Pictet Timber;Euro;Natural Resources Sector Equity;Article 9;5,24%;18,54%;https://api.fundinfo.com/document/8b521e20ed55145fa898ffdcf221c127_391089/MR_ES_es_LU0340559557_YES_2023-04-28.pdf?apiKey=2077cd04-8cd9-4f30-8c0b-b5cebc11240f
LU2095319849;Natixis Thematics Subscription Economy Fund;Euro;Global Equity Large Cap;Article 8;10,23%;20,31%;https://api.fundinfo.com/document/6fcb76c9bfd52beb421fa61cf265f7e2_576903/MR_ES_es_LU2095319849_YES_2023-04-28.pdf?apiKey=2077cd04-8cd9-4f30-8c0b-b5cebc11240f
LU0348926287;Nordea Global Climate and Environment;Euro;Global Equity Mid/Small Cap;Article 9;9,14%;21,71%;https://api.fundinfo.com/document/cdcb80c1ad99d79b874730b3d605a814_667928/MR_ES_es_LU0348926287_YES_2023-04-28.pdf?apiKey=2077cd04-8cd9-4f30-8c0b-b5cebc11240f
LU0503631714;Pictet - Global Environmental Opportunities;Euro;Global Equity Large Cap;Article 9;6,17%;20,84%;https://api.fundinfo.com/document/0cce6c1b40887901b95c35404ec7748a_273293/MR_ES_es_LU0503631714_YES_2023-04-28.pdf?apiKey=2077cd04-8cd9-4f30-8c0b-b5cebc11240f
LU1863264153  ;DWS Invest ESG Climate Tech;Euro;Global Equity Large Cap;Article 8;-3,16%;27,10%;https://lt.morningstar.com/xgnfa0k0aw/snapshotpdf/default.aspx?LanguageId=es-ES&Id=F000011BGT&ClientFund=1&SecurityToken=F000011BGT]2]1]FOEUR$$ALL_522&CurrencyId=EUR&BaseCurrencyId=EUR
LU0335216932;Morgan Stanley Global Brands;Euro;Global Equity Large Cap;Article 8;14,34%;26,83%;https://api.fundinfo.com/document/98e32497b4966e0503e17610b5f178ad_177723/MR_ES_es_LU0335216932_YES_2023-04-30.pdf?apiKey=2077cd04-8cd9-4f30-8c0b-b5cebc11240f
LU0300736062;Franklin Natural Resources;US Dollar;Energy Sector Equity;Not Stated;7,12%;-;https://api.fundinfo.com/document/b3beaccbc64d713aac187360afcd5aac_222726/MR_ES_es_LU0300736062_YES_2023-04-30.pdf?apiKey=2077cd04-8cd9-4f30-8c0b-b5cebc11240f
LU2145461757  ;RobecoSAM Smart Energy;Euro;Energy Sector Equity;Article 9;4,00%;21,28%;https://api.fundinfo.com/document/f0bbd0e7cbb4234fceb153822e593816_372533/MR_ES_es_LU2145461757_RES_2023-04-30.pdf?apiKey=2077cd04-8cd9-4f30-8c0b-b5cebc11240f
LU0171304719;BlackRock World Financials;Euro;Financials Sector Equity;Article 8;9,15%;22,52%;https://api.fundinfo.com/document/3e2003c7dc53c237650bf31e4db29d72_286026/MR_ES_es_LU0171304719_YES_2023-04-30.pdf?apiKey=2077cd04-8cd9-4f30-8c0b-b5cebc11240f
LU1391767586  ;Fidelity Global Financial Services;Euro;Financials Sector Equity;Article 8;8,59%;14,48%;https://api.fundinfo.com/document/a47e96348d14df4b3fbe634150641bff_401449/MR_ES_es_LU1391767586_YES_2023-04-30.pdf?apiKey=2077cd04-8cd9-4f30-8c0b-b5cebc11240f
LU1700710939;Robeco Global Fintech Equities;Euro;Technology Sector Equity;Article 8;1,68%;19,02%;https://api.fundinfo.com/document/5c255064aa6cecfa1a73f43e93519e58_268230/MR_ES_es_LU1700710939_YES_2023-04-30.pdf?apiKey=2077cd04-8cd9-4f30-8c0b-b5cebc11240f
LU1103786700;CPR Silver Age;Euro;Europe Equity Large Cap;Article 8;0,78%;24,07%;https://api.fundinfo.com/document/3fb9c122c1b997c63ead49ef59b06bbf_794057/MR_ES_es_LU1103786700_RES_2023-03-31.pdf?apiKey=2077cd04-8cd9-4f30-8c0b-b5cebc11240f
LU0264738294;Janus Henderson Global Property;Euro;Real Estate Sector Equity;Article 8;9,79%;22,78%;https://api.fundinfo.com/document/a4f054a4ea84e2456fb63adc81faac19_562955/MR_ES_es_LU0264738294_YES_2023-04-30.pdf?apiKey=2077cd04-8cd9-4f30-8c0b-b5cebc11240f
LU0088927925;Janus Henderson Pan European Property;Euro;Real Estate Sector Equity;Article 8;7,86%;33,78%;https://api.fundinfo.com/document/de4f6ec3c69e1d8af15bc953664f7821_564149/MR_ES_es_LU0088927925_YES_2023-04-30.pdf?apiKey=2077cd04-8cd9-4f30-8c0b-b5cebc11240f
LU0329429897;GAM Luxury Brands;Euro;Consumer Goods & Services Sector Equity;Article 8;32,46%;33,06%;https://api.fundinfo.com/document/6e0ab95f0304b508e122d9d5ca85dab2_272067/MR_ES_es_LU0329429897_YES_2023-04-30.pdf?apiKey=2077cd04-8cd9-4f30-8c0b-b5cebc11240f
LU0345780281;Ninety One Global Gold Fund;US Dollar;Precious Metals Sector Equity;Not Stated;30,68%;22,01%;https://api.fundinfo.com/document/0a499c8bca826f17729c73362f82333f_106970/MR_ES_es_LU0345780281_YES_2022-12-31.pdf?apiKey=2077cd04-8cd9-4f30-8c0b-b5cebc11240f
LU0474967303;Pictet Digital;Euro;Technology Sector Equity;Article 8;31,73%;23,61%;https://api.fundinfo.com/document/33933b0594d8fb31dba9ed15c430bfb7_283926/MR_ES_es_LU0474967303_YES_2023-04-28.pdf?apiKey=2077cd04-8cd9-4f30-8c0b-b5cebc11240f
LU1548497772;Allianz Global Artificial Intelligence;Euro;Technology Sector Equity;Not Stated;13,34%;33,09%;https://api.fundinfo.com/document/2860e7ba350347f42c6198423b92de34_384180/MR_ES_es_LU1548497772_YES_2023-04-30.pdf?apiKey=2077cd04-8cd9-4f30-8c0b-b5cebc11240f
LU1863263346;DWS Invest Artificial Intelligence;Euro;Technology Sector Equity;Article 8;13,32%;30,47%;https://api.fundinfo.com/document/fcb7d648ff4961404b6e84a45efa1334_242939/MR_ES_es_LU1863263346_YES_2023-04-28.pdf?apiKey=2077cd04-8cd9-4f30-8c0b-b5cebc11240f
LU1279334210;Pictet Robotics;Euro;Technology Sector Equity;Article 8;7,08%;18,89%;https://api.fundinfo.com/document/dd048813b34d58b1cc13343191ed6956_266504/MR_ES_es_LU1279334210_YES_2023-04-28.pdf?apiKey=2077cd04-8cd9-4f30-8c0b-b5cebc11240f
IE00BHPRMV90;BNY Mellon Blockchain Innovation;Euro;Technology Sector Equity;Article 8;22,57%;20,44%;https://api.fundinfo.com/document/d6ec31ca3609a3d81f061f6b92398dcf_139781/MR_ES_es_IE00BHPRMV90_RES_2023-04-30.pdf?apiKey=2077cd04-8cd9-4f30-8c0b-b5cebc11240f
LU1861215389;BlackRock Future of Transport;Euro;Technology Sector Equity;Article 9;29,91%;-;https://api.fundinfo.com/document/371eb0b350007bb23e1bb8cf3ad4aeb8_225516/MR_ES_es_LU1861215389_YES_2023-04-30.pdf?apiKey=2077cd04-8cd9-4f30-8c0b-b5cebc11240f
LU0270904781;Pictet Security;Euro;Global Equity Large Cap;Article 8;30,42%;26,52%;https://api.fundinfo.com/document/f4869c37f48491df18965f22b735fdf1_279361/MR_ES_es_LU0270904781_YES_2023-04-28.pdf?apiKey=2077cd04-8cd9-4f30-8c0b-b5cebc11240f
LU1213836080;Fidelity Global Technology;Euro;Technology Sector Equity;Article 8;13,68%;26,07%;https://api.fundinfo.com/document/8726dc2581f724bf549b23577835776b_412863/MR_ES_es_LU1213836080_YES_2023-04-30.pdf?apiKey=2077cd04-8cd9-4f30-8c0b-b5cebc11240f
LU0171310443;BlackRock World Technology;Euro;Technology Sector Equity;Article 8;19,14%;34,01%;https://api.fundinfo.com/document/8d006d42ce95630ef76c48a109632c44_271523/MR_ES_es_LU0171310443_YES_2023-04-30.pdf?apiKey=2077cd04-8cd9-4f30-8c0b-b5cebc11240f
LU0260870158;Franklin Technology;Euro;Technology Sector Equity;Article 8;2,36%;17,25%;https://api.fundinfo.com/document/0992222e2c0bc51c5db409b38449abf5_228603/MR_ES_es_LU0260870158_YES_2023-04-30.pdf?apiKey=2077cd04-8cd9-4f30-8c0b-b5cebc11240f
LU0210532015;JPM Europe Technology;Euro;Technology Sector Equity;Article 8;-0,66%;16,02%;https://api.fundinfo.com/document/313952d0465911c7dd9b96ee887a4056_398344/MR_ES_es_LU0210532015_YES_2023-04-30.pdf?apiKey=2077cd04-8cd9-4f30-8c0b-b5cebc11240f
LU1861216510;BlackRock Next Generation Technology;Euro;Technology Sector Equity;Article 8;6,38%;18,22%;https://api.fundinfo.com/document/4be601efc703ba5b18a1fa50d9e9c7eb_234030/MR_ES_es_LU1861216510_YES_2023-04-30.pdf?apiKey=2077cd04-8cd9-4f30-8c0b-b5cebc11240f
LU0366534344;Pictet - Nutrition;Euro;Equity Miscellaneous;Article 9;19,65%;35,64%;https://api.fundinfo.com/document/aabd20e80ab4f6bd862638bdfeb9945e_270899/MR_ES_es_LU0366534344_YES_2023-04-28.pdf?apiKey=2077cd04-8cd9-4f30-8c0b-b5cebc11240f
LU0566417696;March Vini Catena;Euro;Equity Miscellaneous;Not Stated;-10,19%;20,16%;https://docs.march-am.com/sources/morningstar/FC_E_LU0566417696_EUR.pdf
LU1931535931;Allianz Pet and Animal Wellbeing;Euro;Equity Miscellaneous;Not Stated;1,08%;0,40%;https://api.fundinfo.com/document/0d595998e65ae39b0caf4762c0fbc12b_262226/MR_ES_es_LU1931535931_YES_2023-04-30.pdf?apiKey=2077cd04-8cd9-4f30-8c0b-b5cebc11240f
ES0157638000;Gvc Gaesco 300 Places Worldwide;Euro;Consumer Goods & Services Sector Equity;Not Stated;1,13%;0,57%;https://www.inversis.com/fondos/contenidos/ficha/ES0157638000_ficha_es.pdf
LU0984246958;GAM Commodity;Euro;Commodities Broad Basket;Not Stated;0,98%;0,31%;https://api.fundinfo.com/document/d5e1ee9e915d761b46fd6d07de5efd4b_207546/MR_ES_es_LU0984246958_YES_2023-04-30.pdf?apiKey=2077cd04-8cd9-4f30-8c0b-b5cebc11240f
ES0128520006;Renta 4 Monetario FI;Euro;Euro Money Market;Article 8;1,40%;0,81%;https://lt.morningstar.com/xgnfa0k0aw/snapshotpdf/default.aspx?LanguageId=es-ES&Id=F00000410P&ClientFund=1&SecurityToken=F00000410P]2]1]FOEUR$$ALL_522&CurrencyId=EUR&BaseCurrencyId=EUR
FR0011365212;Amundi Ultra Short Term Bond;Euro;Europe Fixed Income;Article 8;1,80%;-;https://api.fundinfo.com/document/961195dcadc635f5b0d05e630a2b7f96_1658477/MR_ES_es_FR0011365212_RES_2023-04-30.pdf?apiKey=2077cd04-8cd9-4f30-8c0b-b5cebc11240f
LU0366536711;Pictet - Sovereign Short-Term Money Market EUR;Euro;Euro Money Market;Article 8;1,56%;0,39%;https://api.fundinfo.com/document/e9d6ce073381b7b8afaaf832630e934f_125042/MR_ES_es_LU0366536711_YES_2023-04-28.pdf?apiKey=2077cd04-8cd9-4f30-8c0b-b5cebc11240f
FR0013346079;Groupama Ultra Short Term Bond;Euro;Europe Fixed Income;Article 8;1,71%;3,64%;https://api.fundinfo.com/document/116bd583a89fe449c51d35c747e4ab5c_398445/MR_ES_es_FR0013346079_YES_2022-02-28.pdf?apiKey=2077cd04-8cd9-4f30-8c0b-b5cebc11240f
LU1873132101;JPMorgan - USD Treasury;US Dollar;US Money Market;Not Stated;0,46%;3,20%;https://api.fundinfo.com/document/c07648c3b8d41290ee018a99b3b7b407_77618/PRP_ES_en_LU1873132101_YES_2023-05-29.pdf?apiKey=2077cd04-8cd9-4f30-8c0b-b5cebc11240f
LU0049015760;Aberdeen Sterling Fund;Pound Sterling;Sterling Money Market;Not Stated;1,16%;0,62%;https://api.fundinfo.com/document/49245c45ade7528c1c208aaacb2b5aa9_145592/MR_ES_es_LU0049015760_YES_2023-04-30.pdf?apiKey=2077cd04-8cd9-4f30-8c0b-b5cebc11240f
ES0176954008;Renta 4 Renta Fija Corto Plazo;Euro;Europe Fixed Income;Article 8;1,22%;2,15%;https://api.fundinfo.com/document/8cfb43542ea15eee59e7dcbfe9289654_406045/MR_ES_es_ES0176954008_YES_2023-03-31.pdf?apiKey=2077cd04-8cd9-4f30-8c0b-b5cebc11240f
FR0010149120;Carmignac Securite;Euro;Europe Fixed Income;Article 8;2,93%;1,30%;https://api.fundinfo.com/document/7431f96f8fb0bf86acd2b310ded84fe4_205605/MR_ES_es_FR0010149120_YES_2023-04-28.pdf?apiKey=2077cd04-8cd9-4f30-8c0b-b5cebc11240f
ES0138922036;Gesconsult Corto Plazo;Euro;Europe Fixed Income;Not Stated;1,84%;2,88%;https://api.fundinfo.com/document/8a914a757261527cd6a80d013187a918_358206/MR_ES_es_ES0138922036_YES_2021-08-31.pdf?apiKey=2077cd04-8cd9-4f30-8c0b-b5cebc11240f
LU0093503810;BlackRock Euro Short Duration Bond;Euro;Europe Fixed Income;Not Stated;2,82%;7,33%;https://api.fundinfo.com/document/cbaa4599b2c3a8bc0c88db7232df55ed_282009/MR_ES_es_LU0093503810_YES_2023-04-30.pdf?apiKey=2077cd04-8cd9-4f30-8c0b-b5cebc11240f
LU1209509089;UBAM - Dynamic US Dollar Bond;Euro;US Fixed Income;Article 8;0,57%;1,35%;https://api.fundinfo.com/document/bba69242941c067bd90e063ac0f44c8b_648050/MR_ES_es_LU1209509089_YES_2023-04-30.pdf?apiKey=2077cd04-8cd9-4f30-8c0b-b5cebc11240f
LU1162222563;Franklin US Low Duration;Euro;US Fixed Income;Not Stated;1,28%;5,48%;https://api.fundinfo.com/document/dc63e80f6c5978b3d1ca785c2fee2aaf_224935/MR_ES_es_LU1162222563_YES_2023-04-30.pdf?apiKey=2077cd04-8cd9-4f30-8c0b-b5cebc11240f
LU0367640660;Epsilon Euro Bond;Euro;Europe Fixed Income;Article 8;1,82%;5,49%;https://api.fundinfo.com/document/1322d4ea3cf89f033c8172e76ed98b40_379683/MR_ES_es_LU0367640660_RES_2023-04-30.pdf?apiKey=2077cd04-8cd9-4f30-8c0b-b5cebc11240f
LU0336683411;DPAM L - Bonds Government Sustainable;Euro;Global Fixed Income;Article 9;1,81%;6,49%;https://api.fundinfo.com/document/66a10e1b0940726da7d12c0c752cc144_332330/MR_ES_es_LU0336683411_YES_2023-04-30.pdf?apiKey=2077cd04-8cd9-4f30-8c0b-b5cebc11240f
LU0408877842;JPMorgan Euro Government Short Duration Bond;Euro;Europe Fixed Income;Article 8;0,27%;7,88%;https://api.fundinfo.com/document/b414fbf2e11f3c91682a21948fe42a5a_386123/MR_ES_es_LU0408877842_YES_2023-04-30.pdf?apiKey=2077cd04-8cd9-4f30-8c0b-b5cebc11240f
LU0549537040 ;BlueBay Investment Grade Euro Government Bond;Euro;Europe Fixed Income;Article 8;1,75%;6,58%;https://api.fundinfo.com/document/01e6c3f349289e448d15f2b7c2cf83a4_191152/MR_ES_es_LU0549537040_YES_2023-04-28.pdf?apiKey=2077cd04-8cd9-4f30-8c0b-b5cebc11240f
LU0219442547;MFS US Government Bond Fund;US Dollar;US Fixed Income;Not Stated;1,96%;6,10%;https://api.fundinfo.com/document/0bb335eac6c02890da5a718ea25550fc_161113/MR_ES_es_LU0219442547_YES_2023-04-30.pdf?apiKey=2077cd04-8cd9-4f30-8c0b-b5cebc11240f
LU0128488383;Pictet USD Government Bonds;US Dollar;US Fixed Income;Not Stated;-0,45%;1,06%;https://api.fundinfo.com/document/1e68c8aa415e46e081e39e62ed20eeea_163720/MR_ES_es_LU0128488383_YES_2023-04-28.pdf?apiKey=2077cd04-8cd9-4f30-8c0b-b5cebc11240f
LU0048622798;Fidelity US Dollar Bond Fund;US Dollar;US Fixed Income;Article 8;0,13%;4,28%;https://api.fundinfo.com/document/ceba25c1bb2ed9cfc6d5cb5d23b8354b_510488/MR_ES_es_LU0048622798_RES_2023-04-30.pdf?apiKey=2077cd04-8cd9-4f30-8c0b-b5cebc11240f
LU0157931550;Candriam Bonds Global Government ;Euro;Global Fixed Income;Article 8;4,10%;7,49%;https://api.fundinfo.com/document/24d91ddeec2a31fadf54414bddd9abd7_844615/MR_ES_es_LU0157931550_RES_2023-04-28.pdf?apiKey=2077cd04-8cd9-4f30-8c0b-b5cebc11240f
LU0153585996;Vontobel EUR Corporate Bond Mid Yield;Euro;Europe Fixed Income;Article 8;2,28%;5,50%;https://api.fundinfo.com/document/969c81e575d8a648edd728a94523853e_107728/MR_ES_es_LU0153585996_YES_2023-04-28.pdf?apiKey=2077cd04-8cd9-4f30-8c0b-b5cebc11240f
LU0243957825;Invesco Euro Corporate Bond;Euro;Europe Fixed Income;Article 8;1,38%;7,07%;https://api.fundinfo.com/document/eeda831f68531349567ecbe1f0b538ed_1892793/MR_ES_es_LU0243957825_YES_2023-04-30.pdf?apiKey=2077cd04-8cd9-4f30-8c0b-b5cebc11240f
LU1694212348;Nordea Low Duration European Covered Bond;Euro;Europe Fixed Income;Article 8;2,04%;8,68%;https://api.fundinfo.com/document/075f695ccbb4a08af0d426581bd302bb_583578/MR_ES_es_LU1694212348_YES_2023-04-28.pdf?apiKey=2077cd04-8cd9-4f30-8c0b-b5cebc11240f
LU0076315455;Nordea - European Covered Bond;Euro;Europe Fixed Income;Article 8;2,16%;6,86%;https://api.fundinfo.com/document/4513a9476b74792caf6a2c70a2ce391f_626497/MR_ES_es_LU0076315455_YES_2023-04-28.pdf?apiKey=2077cd04-8cd9-4f30-8c0b-b5cebc11240f
LU0012119607;Candriam Bonds Euro High Yield;Euro;Europe Fixed Income;Article 8;2,28%;11,94%;https://api.fundinfo.com/document/7d8ceb967dbf85637607cc3a447d9305_815210/MR_ES_es_LU0012119607_RES_2023-04-28.pdf?apiKey=2077cd04-8cd9-4f30-8c0b-b5cebc11240f
LU0146924799;UBAM Corporate US Dollar Bond;US Dollar;US Fixed Income;Article 8;4,28%;8,59%;https://lt.morningstar.com/xgnfa0k0aw/snapshotpdf/default.aspx?LanguageId=es-ES&Id=F0GBR053YT&ClientFund=1&SecurityToken=F0GBR053YT]2]1]FOEUR$$ALL_522&CurrencyId=EUR&BaseCurrencyId=USD
IE00B11XZ434;PIMCO GIS Global Investment Grade Credit;Euro;Global Fixed Income;Not Stated;2,96%;5,69%;https://api.fundinfo.com/document/627567359fcfb21e7f5d1d86144bbb53_231203/MR_ES_es_IE00B11XZ434_YES_2023-04-30.pdf?apiKey=2077cd04-8cd9-4f30-8c0b-b5cebc11240f
LU0546920488;NN L US Credit;US Dollar;US Fixed Income;Not Stated;3,76%;7,29%;https://api.fundinfo.com/document/930133b60b8df00cbbd7eb0a84a6da20_210775/MR_ES_es_LU0546920488_YES_2023-04-30.pdf?apiKey=2077cd04-8cd9-4f30-8c0b-b5cebc11240f
LU0622663176;Robeco Financial Institutions Bonds;Euro;Europe Fixed Income;Article 8;2,77%;3,60%;https://api.fundinfo.com/document/3be51665199c86c27ffd1728d7dab35d_259196/MR_ES_es_LU0622663176_YES_2023-04-30.pdf?apiKey=2077cd04-8cd9-4f30-8c0b-b5cebc11240f
LU0765419576 ;SKY Harbor - U.S. Short Duration Sust. High Yield;Euro;US Fixed Income;Article 8;3,05%;4,21%;https://api.fundinfo.com/document/9e89a6fbc325d25ade96b6d8743b6e69_475434/MR_ES_en_LU0765419576_RES_2022-09-30.pdf?apiKey=2077cd04-8cd9-4f30-8c0b-b5cebc11240f
IE00B11XZ871;PIMCO GIS US High Yield Bond;US Dollar;US Fixed Income;Not Stated;0,69%;3,10%;https://api.fundinfo.com/document/237febff1275e2db1b9099c49b705b23_225941/MR_ES_es_IE00B11XZ871_YES_2023-04-30.pdf?apiKey=2077cd04-8cd9-4f30-8c0b-b5cebc11240f
IE00B50VYD81;Salar Fund;Euro;Convertibles;Article 8;-1,68%;5,46%;https://www.inversis.com/fondos/contenidos/ficha/IE00B50VYD81_ficha_en.pdf
LU0170291933;Candriam Bonds Global High Yield;Euro;Global Fixed Income;Article 8;2,07%;7,15%;https://api.fundinfo.com/document/c2d0eb5a3a81035a2e7d9d2af9698c95_679553/MR_ES_es_LU0170291933_RES_2023-04-28.pdf?apiKey=2077cd04-8cd9-4f30-8c0b-b5cebc11240f
FI0008800511;Evli Short Corporate Bond;Euro;Europe Fixed Income;Article 8;0,97%;6,18%;https://api.fundinfo.com/document/681858614012c321665d69b65fee1c33_466052/MR_ES_en_FI0008800511_YES_2023-04-30.pdf?apiKey=2077cd04-8cd9-4f30-8c0b-b5cebc11240f
FI0008811997  ;Evli Nordic Corporate Bond;Euro;Europe Fixed Income;Article 8;3,52%;-;https://api.fundinfo.com/document/7c6ca3444be6fa3169ce3883d4153383_450375/MR_ES_en_FI0008811997_YES_2023-04-30.pdf?apiKey=2077cd04-8cd9-4f30-8c0b-b5cebc11240f
LU0517222054;DPAM Bonds EUR High Yield Short Term;Euro;Europe Fixed Income;Article 8;1,56%;5,73%;https://api.fundinfo.com/document/50d8e64bd868ee96ca46717518960ef9_327311/MR_ES_es_LU0517222054_YES_2023-04-30.pdf?apiKey=2077cd04-8cd9-4f30-8c0b-b5cebc11240f
IE00B65YMK29;Muzinich EnhancedYield Short-Term;Euro;Global Fixed Income;Article 8;1,87%;6,28%;https://api.fundinfo.com/document/0d93872d5ad2a0ce347455c8aa1b9588_660643/MR_ES_es_IE00B65YMK29_YES_2023-04-30.pdf?apiKey=2077cd04-8cd9-4f30-8c0b-b5cebc11240f
LU0170473374  ;Franklin European Total Return;Euro;Europe Fixed Income;Article 8;0,48%;13,20%;https://api.fundinfo.com/document/8e65725fb3d4604cf9790062cb6861f2_227594/MR_ES_es_LU0170473374_YES_2023-04-30.pdf?apiKey=2077cd04-8cd9-4f30-8c0b-b5cebc11240f
LU1161526576;Edmond de Rothschild -Bond Allocation;Euro;Europe Fixed Income;Article 8;1,15%;10,11%;https://api.fundinfo.com/document/923952f36d556cd3a81d1f200b0b6231_920801/MR_ES_es_LU1161526576_YES_2023-04-28.pdf?apiKey=2077cd04-8cd9-4f30-8c0b-b5cebc11240f
LU0853555380;Jupiter Dynamic Bond;Euro;Global Fixed Income;Not Stated;0,04%;8,31%;https://api.fundinfo.com/document/c021714ee5623675aa0f969aa1c7fb37_143988/MR_ES_es_LU0853555380_YES_2023-04-30.pdf?apiKey=2077cd04-8cd9-4f30-8c0b-b5cebc11240f
IE00B84J9L26;PIMCO GIS Income;Euro;Global Fixed Income;Not Stated;-0,08%;3,33%;https://api.fundinfo.com/document/9b4c985ceb619d48a6ffd90427ccca2e_238212/MR_ES_es_IE00B84J9L26_YES_2023-04-30.pdf?apiKey=2077cd04-8cd9-4f30-8c0b-b5cebc11240f
LU2278574988;Buy & Hold Bond;Euro;Europe Fixed Income;Not Stated;1,80%;0,80%;https://lt.morningstar.com/xgnfa0k0aw/snapshotpdf/default.aspx?LanguageId=es-ES&Id=F000016S7A&ClientFund=1&SecurityToken=F000016S7A]2]1]FOEUR$$ALL_522&CurrencyId=EUR&BaseCurrencyId=EUR
FR0013202132;Sextant Bond Picking;Euro;Europe Fixed Income;Article 8;2,60%;-;https://api.fundinfo.com/document/eddeb5a328d0d00483440de54bfd19f5_672600/MR_ES_es_FR0013202132_YES_2023-02-28.pdf?apiKey=2077cd04-8cd9-4f30-8c0b-b5cebc11240f
LU0322549691;Goldman Sachs Global Fixed Income Plus Ptf Hedged;Euro;Global Fixed Income;Article 8;1,24%;-;https://api.fundinfo.com/document/8e81669c6049476589c3d6b95d4a7d3c_166324/MR_ES_es_LU0322549691_YES_2023-04-30.pdf?apiKey=2077cd04-8cd9-4f30-8c0b-b5cebc11240f
LU1883849199;Amundi Pioneer U.S. Dollar Aggregate Bond;Euro;US Fixed Income;Article 8;2,98%;-;https://api.fundinfo.com/document/981b39eeb925c8dc0f35b16872132480_1246216/MR_ES_es_LU1883849199_RES_2023-04-30.pdf?apiKey=2077cd04-8cd9-4f30-8c0b-b5cebc11240f
LU0106260564;Schroder USD Dollar Bond;US Dollar;US Fixed Income;Article 8;6,35%;11,03%;https://api.fundinfo.com/document/9784ffc01afe3172a0e40ef3900ec029_502580/MR_ES_es_LU0106260564_YES_2023-04-30.pdf?apiKey=2077cd04-8cd9-4f30-8c0b-b5cebc11240f
LU0803752129;BlackRock China Bond;Euro;Asia Fixed Income;Not Stated;1,36%;12,60%;https://api.fundinfo.com/document/24046de673f7a4aaaef8647546e96d58_211832/MR_ES_es_LU0803752129_YES_2023-04-30.pdf?apiKey=2077cd04-8cd9-4f30-8c0b-b5cebc11240f
FR0010696617;Groupama Index Inflation Monde;Euro;Global Fixed Income;Article 8;0,69%;7,99%;https://api.fundinfo.com/document/41d89d93097a1db8583dc49d6cdfe237_433665/MR_ES_es_FR0010696617_YES_2022-02-28.pdf?apiKey=2077cd04-8cd9-4f30-8c0b-b5cebc11240f
LU1353951376;AXA Global Inflation Short Duration Bonds;Euro;Global Fixed Income;Article 8;1,29%;0,59%;https://api.fundinfo.com/document/225000f05621d2ab638e8f6796f3e2df_422601/MR_ES_es_LU1353951376_YES_2023-04-28.pdf?apiKey=2077cd04-8cd9-4f30-8c0b-b5cebc11240f
LU0034353002;DWS Floating Rate Notes;Euro;Europe Fixed Income;Article 8;3,25%;9,94%;https://api.fundinfo.com/document/a8b8093db8c394e0b257ae9187a68fef_207451/MR_ES_es_LU0034353002_YES_2023-04-28.pdf?apiKey=2077cd04-8cd9-4f30-8c0b-b5cebc11240f
FR001400CC99;Lazard Credit 2027 ;Euro;Fixed Income Miscellaneous;Article 8;2,14%;4,44%;https://api.fundinfo.com/document/eaf201fba5a83768773971b5ed4618c0_118436/PRP_ES_en_FR001400CC99_YES_2022-12-23.pdf?apiKey=2077cd04-8cd9-4f30-8c0b-b5cebc11240f
FR0012537348;Tikehau Global Credit 2025 ;Euro;Fixed Income Miscellaneous;Article 8;2,63%;7,23%;https://api.fundinfo.com/document/875038df3b92ac4004a743d97cacadb3_130918/KID_ES_en_FR0012537348_YES_2022-10-26.pdf?apiKey=2077cd04-8cd9-4f30-8c0b-b5cebc11240f
FR0014008W22;EdR Millesima World 2028;Euro;Fixed Income Miscellaneous;Article 8;-1,37%;3,03%;https://api.fundinfo.com/document/cc51424de8c68e670746d85ebc2b812d_337963/PRP_ES_en_FR0014008W22_YES_2023-01-01.pdf?apiKey=2077cd04-8cd9-4f30-8c0b-b5cebc11240f
LU0752071745;Vontobel Sustainable EM Local Curr. Bond;Euro;Emerging Markets Fixed Income;Article 8;5,13%;5,41%;https://api.fundinfo.com/document/2cabd0962ddd5ebd355122d33275a70f_100290/MR_ES_es_LU0752071745_YES_2023-04-28.pdf?apiKey=2077cd04-8cd9-4f30-8c0b-b5cebc11240f
IE00B986FT65;Neuberger Berman EM Debt - Hard Currency;Euro;Emerging Markets Fixed Income;Article 8;1,52%;0,78%;https://api.fundinfo.com/document/5a60ed9f78223f0a49dab421d0102392_161723/MR_ES_es_IE00B986FT65_YES_2023-04-28.pdf?apiKey=2077cd04-8cd9-4f30-8c0b-b5cebc11240f
LU0622306818;Goldman Sachs EM Corporate Bond Ptf;Euro;Emerging Markets Fixed Income;Article 8;2,98%;3,66%;https://api.fundinfo.com/document/be53c2d5207ed09f0c6464fefd501cc5_157996/MR_ES_es_LU0622306818_YES_2023-04-30.pdf?apiKey=2077cd04-8cd9-4f30-8c0b-b5cebc11240f
LU0571102010;G FUND Alpha Fixed Income;Euro;Europe Fixed Income;Article 8;2,10%;5,59%;https://api.fundinfo.com/document/662992f22d118bc601c597f80046d754_374135/MR_ES_es_LU0571102010_YES_2022-02-28.pdf?apiKey=2077cd04-8cd9-4f30-8c0b-b5cebc11240f
LU1694789451;DNCA Invest - Alpha Bonds;Euro;Global Fixed Income;Article 8;-1,20%;5,48%;https://api.fundinfo.com/document/0f5b11368656876b6c3f26eef61b308d_308502/MR_ES_es_LU1694789451_YES_2023-04-28.pdf?apiKey=2077cd04-8cd9-4f30-8c0b-b5cebc11240f
LU1542977829;BlueBay Global Sovereign Opportunities Fund;Euro;Global Fixed Income;Article 8;1,93%;6,37%;https://lt.morningstar.com/xgnfa0k0aw/snapshotpdf/default.aspx?LanguageId=es-ES&Id=F00000YMLS&ClientFund=1&SecurityToken=F00000YMLS]2]1]FOEUR$$ALL_522&CurrencyId=EUR&BaseCurrencyId=EUR
IE00B5B29K21;GAM Star Emerging Market Rates;Euro;Global Macro;Not Stated;2,05%;2,51%;https://api.fundinfo.com/document/dc235546b4afe27c8dda497c05b4aa50_269815/MR_ES_es_IE00B5B29K21_YES_2023-04-30.pdf?apiKey=2077cd04-8cd9-4f30-8c0b-b5cebc11240f
LU0494761835;Bellevue Global Macro;Euro;Global Macro;Article 8;-3,71%;10,90%;https://api.fundinfo.com/document/14cb0814b535ab782c38c2c517bdb128_577458/MR_ES_en_LU0494761835_YES_2023-04-30.pdf?apiKey=2077cd04-8cd9-4f30-8c0b-b5cebc11240f
LU1829331633;Threadneedle Credit Opportunities;Euro;Global Fixed Income;Not Stated;1,80%;9,95%;https://api.fundinfo.com/document/419cf9ef72bf3b9be64ad07f619c5fbf_438809/MR_ES_es_LU1829331633_RES_2023-04-30.pdf?apiKey=2077cd04-8cd9-4f30-8c0b-b5cebc11240f
LU0599946893;DWS Concept Kaldemorgen;Euro;Flexible Allocation;Article 8;3,81%;22,65%;https://api.fundinfo.com/document/2881d850708d29b1dc1ce504dece4d62_295043/MR_ES_es_LU0599946893_YES_2023-04-28.pdf?apiKey=2077cd04-8cd9-4f30-8c0b-b5cebc11240f
ES0175437005;Dunas Valor Prudente;Euro;Multialternative;Article 8;3,68%;4,09%;https://api.fundinfo.com/document/e5c2fe160e4a45ac90ee9b2aa5587450_332866/MR_ES_es_ES0175437005_YES_2023-04-30.pdf?apiKey=2077cd04-8cd9-4f30-8c0b-b5cebc11240f
ES0175414012;Dunas Valor Equilibrio FI;Euro;Multialternative;Article 8;-4,19%;13,32%;https://api.fundinfo.com/document/7620f064fd75b88ae807351eb5910e37_396968/MR_ES_es_ES0175414012_YES_2023-04-30.pdf?apiKey=2077cd04-8cd9-4f30-8c0b-b5cebc11240f
IE00BLP5S460;Jupiter Global Equity Absolute Return Fund;Euro;Market Neutral;Not Stated;-1,61%;8,67%;https://api.fundinfo.com/document/5a433b844ddbac170c0754d68daa8dbe_395355/MR_ES_es_IE00BLP5S460_RES_2023-04-30.pdf?apiKey=2077cd04-8cd9-4f30-8c0b-b5cebc11240f
LU0725892466;BlackRock Americas Diversified Equity Abs. Return;Euro;Market Neutral;Not Stated;3,28%;7,67%;https://api.fundinfo.com/document/ad0318e0cc49e7cb8ba968eb70807eed_253016/MR_ES_es_LU0725892466_YES_2023-04-30.pdf?apiKey=2077cd04-8cd9-4f30-8c0b-b5cebc11240f
LU0411704413;BlackRock European Absolute Return;Euro;Market Neutral;Not Stated;2,45%;6,13%;https://api.fundinfo.com/document/464aa951a991ce82bd13c1e1114e2cd2_265879/MR_ES_es_LU0411704413_YES_2023-04-30.pdf?apiKey=2077cd04-8cd9-4f30-8c0b-b5cebc11240f
IE00B7V30396;BMO Real Estate Equity Market Neutral;Euro;Market Neutral;Not Stated;0,97%;4,92%;https://api.fundinfo.com/document/849ee792ec9ea4746a51298f40016f5b_106195/KID_ES_es_IE00B7V30396_YES_2018-11-09.pdf?apiKey=c40484362dd5dc96f243495241a0740a
LU0687943661;GAMCO Merger Arbitrage;Euro;Market Neutral;Not Stated;3,42%;7,95%;https://api.fundinfo.com/document/0e7afcb8ed6eec41282583cb3a05d01d_203656/MR_ES_es_LU0687943661_RES_2021-09-30.pdf?apiKey=2077cd04-8cd9-4f30-8c0b-b5cebc11240f
LU1433232854;Pictet Atlas;Euro;Long/Short Equity;Not Stated;-0,39%;4,72%;https://api.fundinfo.com/document/cabdc4922e0cc3fd93c05d6783399f5f_123525/MR_ES_es_LU1433232854_YES_2023-04-28.pdf?apiKey=2077cd04-8cd9-4f30-8c0b-b5cebc11240f
LU1048657123;Fidelity Fast Global ;Euro;Global Equity Mid/Small Cap;Not Stated;2,14%;6,81%;https://api.fundinfo.com/document/94026ab95aa00189af6d71cc243896e6_474748/MR_ES_es_LU1048657123_RES_2023-04-30.pdf?apiKey=2077cd04-8cd9-4f30-8c0b-b5cebc11240f
LU0496443887;Pictet Mandarin;Euro;Long/Short Equity;Not Stated;12,43%;10,92%;https://api.fundinfo.com/document/ecb312ccebe2f4baca3389348a7ed5c3_113875/MR_ES_es_LU0496443887_YES_2023-04-28.pdf?apiKey=2077cd04-8cd9-4f30-8c0b-b5cebc11240f
LU1331971769;Eleva Absolute Return Europe;Euro;Long/Short Equity;Article 8;4,50%;6,15%;https://lt.morningstar.com/xgnfa0k0aw/snapshotpdf/default.aspx?LanguageId=es-ES&Id=F00000ZEXG&ClientFund=1&SecurityToken=F00000ZEXG]2]1]FOEUR$$ALL_522&CurrencyId=EUR&BaseCurrencyId=EUR
IE00BLG2W007;Liontrust Europe Strategic Equity;Euro;Long/Short Equity;Not Stated;4,54%;6,91%;https://lt.morningstar.com/xgnfa0k0aw/snapshotpdf/default.aspx?LanguageId=es-ES&Id=F00000TEO5&ClientFund=1&SecurityToken=F00000TEO5]2]1]FOEUR$$ALL_522&CurrencyId=EUR&BaseCurrencyId=EUR
FR0010996736;La fran√ßaise Protectaux;Euro;Miscellaneous;Not Stated;6,25%;9,00%;https://api.fundinfo.com/document/f25af585e873c1a1c97f92ea54cf207e_557133/MR_ES_es_FR0010996736_YES_2023-04-30.pdf?apiKey=2077cd04-8cd9-4f30-8c0b-b5cebc11240f
ES0116567035;Cartesio X;Euro;Cautious Allocation;Not Stated;4,62%;7,68%;https://api.fundinfo.com/document/f559d1178e28ac02c4cec9960ce4f82a_120151/MR_ES_es_ES0116567035_YES_2022-10-31.pdf?apiKey=2077cd04-8cd9-4f30-8c0b-b5cebc11240f
IE00BFMM8X74;Blackrock Multi Asset Conservative Selection;Euro;Cautious Allocation;Not Stated;2,78%;5,68%;https://api.fundinfo.com/document/c2867a3775dd1967b47a31b33d16cf81_157941/KID_ES_es_IE00BFMM8X74_YES_2021-02-19.pdf?apiKey=2077cd04-8cd9-4f30-8c0b-b5cebc11240f
LU1570387610;Ninety One Global Multi-Asset Income;Euro;Cautious Allocation;Article 8;2,80%;4,59%;https://api.fundinfo.com/document/eb77b4d802f614a7053593d2a1ef16d8_91780/MR_ES_es_LU1570387610_YES_2023-04-30.pdf?apiKey=2077cd04-8cd9-4f30-8c0b-b5cebc11240f
LU0243957239;Invesco Pan European High Income;Euro;Cautious Allocation;Article 8;5,19%;9,03%;https://api.fundinfo.com/document/a1610bb97fdb0c87ba68b30c437bf5f9_2146232/MR_ES_es_LU0243957239_YES_2023-04-30.pdf?apiKey=2077cd04-8cd9-4f30-8c0b-b5cebc11240f
IE00BDZS0L05;Pyrford Global Total Return;Euro;Cautious Allocation;Not Stated;5,74%;13,90%;https://lt.morningstar.com/xgnfa0k0aw/snapshotpdf/default.aspx?LanguageId=es-ES&Id=F0000103LF&ClientFund=1&SecurityToken=F0000103LF]2]1]FOEUR$$ALL_522&CurrencyId=EUR&BaseCurrencyId=EUR
LU0227384020;Nordea Stable Return Fund;Euro;Moderate Allocation;Article 8;7,03%;17,34%;https://api.fundinfo.com/document/868663720767e3178f7b4b667fa14ae7_625216/MR_ES_es_LU0227384020_YES_2023-04-28.pdf?apiKey=2077cd04-8cd9-4f30-8c0b-b5cebc11240f
DE000A0X7541;Acatis Gane Value Event;Euro;Flexible Allocation;Article 8;4,29%;11,54%;https://api.fundinfo.com/document/0082dd91686c72e2d5e6c8cb590c18fa_1171271/MR_ES_en_DE000A0X7541_YES_2023-04-30.pdf?apiKey=2077cd04-8cd9-4f30-8c0b-b5cebc11240f
LU0048292808;BL - Global 50;Euro;Moderate Allocation;Article 8;-0,42%;13,34%;https://api.fundinfo.com/document/3472d985751fbdc6b8e9b49abecb6558_206560/MR_ES_en_LU0048292808_RES_2023-04-28.pdf?apiKey=2077cd04-8cd9-4f30-8c0b-b5cebc11240f
LU1245471054;Flossbach von Storch - Multi Asset - Balanced;Euro;Moderate Allocation;Article 8;-0,03%;8,46%;https://api.fundinfo.com/document/4f684163e817f389fed06207805cbd42_407529/MR_ES_es_LU1245471054_YES_2023-04-30.pdf?apiKey=2077cd04-8cd9-4f30-8c0b-b5cebc11240f
LU1442549025 ;MFS Prudent Capital;Euro;Moderate Allocation;Article 8;1,25%;5,02%;https://api.fundinfo.com/document/82063af2ff5562596dbc81ce65e2672e_138919/MR_ES_es_LU1442549025_YES_2023-04-30.pdf?apiKey=2077cd04-8cd9-4f30-8c0b-b5cebc11240f
ES0118537002;Olea Neutral;Euro;Moderate Allocation;Not Stated;1,21%;0,59%;https://api.fundinfo.com/document/6e7595ed78a636058d90bbe20ea8f777_266312/MR_ES_es_ES0118537002_YES_2023-05-31.pdf?apiKey=2077cd04-8cd9-4f30-8c0b-b5cebc11240f
LU0941349192;Pictet Multi - Asset Global Opportunities;Euro;Cautious Allocation;Article 8;2,83%;9,85%;https://api.fundinfo.com/document/1560eaff657d0c7d3118f6abb7eb3327_176742/MR_ES_es_LU0941349192_YES_2023-04-28.pdf?apiKey=2077cd04-8cd9-4f30-8c0b-b5cebc11240f
LU2147879543;Tikehau Income Cross Assets;Euro;Flexible Allocation;Article 8;0,41%;7,22%;https://api.fundinfo.com/document/ad8e683a5cbd55a546609cbbf46de614_871503/MR_ES_es_LU2147879543_YES_2023-02-28.pdf?apiKey=2077cd04-8cd9-4f30-8c0b-b5cebc11240f
LU0808562614;MFS Prudent Wealth;Euro;Moderate Allocation;Article 8;1,84%;4,90%;https://api.fundinfo.com/document/6ef89f59e0efe61cb14f2fef2b547c0b_136748/MR_ES_es_LU0808562614_YES_2023-04-30.pdf?apiKey=2077cd04-8cd9-4f30-8c0b-b5cebc11240f
LU0433182416;First Eagle Amundi - International;Euro;Aggressive Allocation;Not Stated;1,84%;7,43%;https://api.fundinfo.com/document/8bc617229cc014b6cc4e69910c3f9d94_1007557/MR_ES_es_LU0433182416_YES_2023-04-30.pdf?apiKey=2077cd04-8cd9-4f30-8c0b-b5cebc11240f
LU0592698954;Carmignac Emerging Patrimoine;Euro;Allocation Miscellaneous;Article 8;-1,29%;3,04%;https://api.fundinfo.com/document/113db6e23003ebe543f37b79db90bb02_253930/MR_ES_es_LU0592698954_YES_2023-04-28.pdf?apiKey=2077cd04-8cd9-4f30-8c0b-b5cebc11240f
